w1	w2	over_ft23	wn_lch
abarticulation	particularisation	0.75	0.2377943502929065
abarticulation	particularization	0.75	0.2377943502929065
abarticulation	reticulation	0.75	0.2377943502929065
abasement	casement	0.7647058963775635	0.1905514124267734
abdication	cation	0.8461538553237915	0.2377943502929065
abjection	objectification	0.7894737124443054	0.22112818235779563
acantha	pyracantha	0.8666666746139526	0.20541490126145234
acetabulum	acetum	0.7692307829856873	0.2377943502929065
achillea	achilles	0.7647058963775635	0.1905514124267734
acidulousness	sedulousness	0.7599999904632568	0.2377943502929065
adrenalectomy	alecto	0.7692307829856873	0.20541490126145234
adrianopolis	anolis	0.8461538553237915	0.22112818235779563
adulation	demodulation	0.7894737124443054	0.1905514124267734
aeolus	alveolus	0.7692307829856873	0.20541490126145234
aerogenerator	orator	0.75	0.2377943502929065
affrication	cation	0.8461538553237915	0.2377943502929065
affusion	suffusion	0.7647058963775635	0.2377943502929065
affusion	rediffusion	0.7647058963775635	0.17645049711225924
agdestis	agdistis	0.75	0.20541490126145234
agromania	romania	0.8666666746139526	0.2377943502929065
alalia	echolalia	0.75	0.20541490126145234
alcibiades	alcides	0.800000011920929	0.22112818235779563
alecto	alectoris	0.8461538553237915	0.22112818235779563
alexandria	alexandrine	0.8095238208770752	0.22112818235779563
alexandria	alexia	0.7692307829856873	0.20541490126145234
alexandrian	alexandrine	0.7727272510528564	0.2377943502929065
alexandrine	alexandrite	0.782608687877655	0.2377943502929065
algarroba	arroba	0.9230769276618958	0.20541490126145234
allusiveness	exclusiveness	0.7599999904632568	0.20541490126145234
amarillo	tamarillo	0.8823529481887817	0.2377943502929065
ambler	assembler	0.7692307829856873	0.2377943502929065
ambulation	discombobulation	0.761904776096344	0.2377943502929065
amelia	camellia	0.7692307829856873	0.20541490126145234
amelia	camelia	0.8461538553237915	0.20541490126145234
amelia	hamelia	0.8461538553237915	0.20541490126145234
amenia	armenia	0.7692307829856873	0.22112818235779563
americanisation	canonisation	0.75	0.2377943502929065
americanization	canonization	0.75	0.2377943502929065
amphora	heliamphora	0.8666666746139526	0.22112818235779563
amplification	cation	0.8461538553237915	0.2377943502929065
anagasta	astana	0.7692307829856873	0.20541490126145234
ananas	anastylosis	0.800000011920929	0.20541490126145234
anastatica	astana	0.7692307829856873	0.1905514124267734
angelica	evangelicalism	0.7647058963775635	0.20541490126145234
angiohemophilia	anglia	0.7692307829856873	0.15024900644805075
anglia	manglietia	0.7692307829856873	0.20541490126145234
angling	wangling	0.8571428656578064	0.22112818235779563
angling	wrangling	0.8571428656578064	0.22112818235779563
annapolis	anolis	0.7692307829856873	0.20541490126145234
anointment	ointment	0.875	0.20541490126145234
anthem	chrysanthemum	0.7692307829856873	0.22112818235779563
anthem	helianthemum	0.7692307829856873	0.20541490126145234
anthem	xeranthemum	0.7692307829856873	0.1905514124267734
anthemis	themis	0.8461538553237915	0.22112818235779563
antigone	antigonus	0.7647058963775635	0.22112818235779563
antimony	antony	0.7692307829856873	0.22112818235779563
antiparticle	canticle	0.7647058963775635	0.22112818235779563
antiphony	antony	0.7692307829856873	0.20541490126145234
antony	antonymy	0.9230769276618958	0.20541490126145234
antony	antonym	0.8461538553237915	0.1905514124267734
antrum	tantrum	0.8461538553237915	0.2377943502929065
apadana	aspadana	0.800000011920929	0.2377943502929065
aphesis	plasmapheresis	0.800000011920929	0.1905514124267734
appalling	paling	0.7692307829856873	0.2377943502929065
appeasement	casement	0.7647058963775635	0.2377943502929065
arabia	arachnophobia	0.7692307829856873	0.20541490126145234
archeopteryx	archery	0.800000011920929	0.1905514124267734
arctic	arctictis	0.8461538553237915	0.2377943502929065
arlington	darlingtonia	0.7894737124443054	0.22112818235779563
aromatherapy	atheroma	0.7647058963775635	0.17645049711225924
arrack	barrack	0.8461538553237915	0.2377943502929065
arrack	carrack	0.8461538553237915	0.1905514124267734
aspirate	pirate	0.8461538553237915	0.22112818235779563
aspirator	coconspirator	0.7894737124443054	0.2377943502929065
aspirator	conspirator	0.7894737124443054	0.2377943502929065
athanasianism	nanism	0.7692307829856873	0.20541490126145234
atlantic	atlantides	0.7647058963775635	0.2377943502929065
augustine	austin	0.7692307829856873	0.2377943502929065
augustinian	austin	0.8461538553237915	0.2377943502929065
austral	australopithecine	0.8666666746139526	0.16303771126278205
auteur	hauteur	0.8461538553237915	0.1905514124267734
aventail	entail	0.8461538553237915	0.22112818235779563
avicenna	avicenniaceae	0.7647058963775635	0.2377943502929065
awakening	awning	0.7692307829856873	0.1905514124267734
awning	dawning	0.8461538553237915	0.1905514124267734
backgrounding	founding	0.7647058963775635	0.2377943502929065
backgrounding	wounding	0.7647058963775635	0.2377943502929065
backlighting	fighting	0.7647058963775635	0.2377943502929065
backlighting	sighting	0.7647058963775635	0.17645049711225924
backyard	bayard	0.7692307829856873	0.22112818235779563
baluster	luster	0.8461538553237915	0.2377943502929065
banquet	banquette	0.8666666746139526	0.2377943502929065
bargaining	baring	0.7692307829856873	0.2377943502929065
barnyard	bayard	0.7692307829856873	0.2377943502929065
barometer	barter	0.7692307829856873	0.20541490126145234
baroque	barque	0.7692307829856873	0.20541490126145234
barrister	barter	0.7692307829856873	0.2377943502929065
barter	barycenter	0.7692307829856873	0.2377943502929065
basement	encasement	0.7647058963775635	0.20541490126145234
basement	incasement	0.7647058963775635	0.20541490126145234
basilicata	silica	0.7692307829856873	0.2377943502929065
basset	cabasset	0.8461538553237915	0.22112818235779563
basset	basseterre	0.8461538553237915	0.20541490126145234
bastille	pastille	0.7647058963775635	0.22112818235779563
batrachia	batrachomyomachia	1.0	0.2377943502929065
batrachian	batrachomyomachia	0.8095238208770752	0.16303771126278205
batrachomyomachia	trachoma	0.8235294222831726	0.17645049711225924
beading	beheading	0.9333333373069763	0.2377943502929065
beautification	cation	0.8461538553237915	0.22112818235779563
bennett	bennettitaceae	0.8666666746139526	0.2377943502929065
bering	bickering	0.7692307829856873	0.2377943502929065
bering	buccaneering	0.7692307829856873	0.17645049711225924
bicentenary	binary	0.7692307829856873	0.2377943502929065
bicker	bootlicker	0.7692307829856873	0.22112818235779563
biliousness	superciliousness	0.8260869383811951	0.20541490126145234
bismarck	bismark	0.800000011920929	0.2377943502929065
bitchery	stitchery	0.7647058963775635	0.2377943502929065
blacking	slacking	0.7647058963775635	0.22112818235779563
blocking	bluestocking	0.8235294222831726	0.22112818235779563
blolly	loblolly	0.8461538553237915	0.20541490126145234
blooper	looper	0.8461538553237915	0.22112818235779563
bobsledding	boding	0.7692307829856873	0.2377943502929065
boding	bookbinding	0.7692307829856873	0.2377943502929065
boding	bodybuilding	0.9230769276618958	0.22112818235779563
bootlegging	leging	0.7692307829856873	0.22112818235779563
boring	bowstring	0.7692307829856873	0.2377943502929065
bracing	racing	0.8461538553237915	0.22112818235779563
bracing	embracing	0.8666666746139526	0.20541490126145234
brahma	brahmaputra	0.9230769276618958	0.2377943502929065
braille	brazzaville	0.800000011920929	0.2377943502929065
bramble	ramble	0.8461538553237915	0.16303771126278205
brambling	gambling	0.7647058963775635	0.16303771126278205
branching	ranching	0.8823529481887817	0.2377943502929065
brassicaceae	brassie	0.800000011920929	0.17645049711225924
briard	brickyard	0.7692307829856873	0.2377943502929065
bromberg	romberg	0.8666666746139526	0.2377943502929065
broncho	honcho	0.75	0.20541490126145234
bruckenthalia	thalia	0.8461538553237915	0.22112818235779563
bundling	groundling	0.7647058963775635	0.2377943502929065
bundling	foundling	0.7647058963775635	0.22112818235779563
bunting	tinting	0.75	0.22112818235779563
burundi	burunduki	0.800000011920929	0.1905514124267734
butene	buteonine	0.7692307829856873	0.2377943502929065
cabala	calaba	0.7692307829856873	0.22112818235779563
cabala	calabazilla	0.8461538553237915	0.22112818235779563
cacomistle	castle	0.7692307829856873	0.2377943502929065
calaba	calabria	0.7692307829856873	0.2377943502929065
calcaneus	calceus	0.800000011920929	0.2377943502929065
calculation	cation	0.9230769276618958	0.2377943502929065
caldron	chaldron	0.800000011920929	0.20541490126145234
calfskin	calkin	0.7692307829856873	0.2377943502929065
calliope	calliophis	0.7647058963775635	0.2377943502929065
callistephus	callisto	0.7647058963775635	0.22112818235779563
callisthenics	callisto	0.7647058963775635	0.2377943502929065
calque	catafalque	0.9230769276618958	0.22112818235779563
campephilus	campus	0.7692307829856873	0.2377943502929065
camper	scamper	0.8461538553237915	0.2377943502929065
camponotus	campus	0.7692307829856873	0.2377943502929065
camptosorus	campus	0.7692307829856873	0.2377943502929065
campus	campylorhynchus	0.7692307829856873	0.2377943502929065
cancan	cancun	0.800000011920929	0.22112818235779563
cancellation	fellation	0.7894737124443054	0.20541490126145234
cancellation	cation	0.9230769276618958	0.20541490126145234
candela	candelilla	0.9333333373069763	0.17645049711225924
canecutter	canter	0.7692307829856873	0.10432457268131029
canicula	sanicula	0.7647058963775635	0.22112818235779563
caning	canvassing	0.7692307829856873	0.2377943502929065
caning	cleaning	0.7692307829856873	0.20541490126145234
caning	caravanning	0.8461538553237915	0.20541490126145234
canister	canter	0.7692307829856873	0.20541490126145234
cannister	canter	0.7692307829856873	0.20541490126145234
canonisation	carbonisation	0.7916666865348816	0.2377943502929065
canonisation	cation	0.9230769276618958	0.20541490126145234
canonization	carbonization	0.7916666865348816	0.2377943502929065
canonization	cation	0.9230769276618958	0.20541490126145234
canter	carpenter	0.7692307829856873	0.1905514124267734
canter	chanter	0.7692307829856873	0.16303771126278205
cantillation	cation	0.9230769276618958	0.1905514124267734
capsizing	sizing	0.8461538553237915	0.22112818235779563
caption	contraption	0.800000011920929	0.2377943502929065
caption	cation	0.7692307829856873	0.22112818235779563
carabiner	carabinier	0.8421052694320679	0.2377943502929065
caracara	carack	0.75	0.17645049711225924
caracara	carbonara	0.75	0.1380288800733184
caracara	yogacara	0.75	0.1380288800733184
carageen	careen	0.7692307829856873	0.17645049711225924
carbonisation	unionisation	0.761904776096344	0.22112818235779563
carbonization	unionization	0.761904776096344	0.22112818235779563
cardhouse	carouse	0.800000011920929	0.22112818235779563
cardinalate	carinate	0.7647058963775635	0.17645049711225924
careen	carrageen	0.7692307829856873	0.17645049711225924
careen	carragheen	0.7692307829856873	0.17645049711225924
carica	caricaturist	0.8333333134651184	0.2377943502929065
caring	carjacking	0.7692307829856873	0.2377943502929065
caring	carting	0.7692307829856873	0.2377943502929065
caroling	carolinian	0.7647058963775635	0.2377943502929065
carpeting	carting	0.800000011920929	0.20541490126145234
cartage	carthage	0.800000011920929	0.20541490126145234
cartage	cartilage	0.800000011920929	0.20541490126145234
cartel	cartwheel	0.7692307829856873	0.2377943502929065
cartilaginification	vinification	0.8399999737739563	0.2377943502929065
cartilaginification	cation	1.0	0.20541490126145234
casaba	casablanca	0.7692307829856873	0.2377943502929065
casement	debasement	0.7647058963775635	0.2377943502929065
casement	chastisement	0.7647058963775635	0.22112818235779563
casement	easement	0.7647058963775635	0.1905514124267734
casing	castling	0.7692307829856873	0.2377943502929065
casper	castanospermum	0.7692307829856873	0.20541490126145234
cassie	cassiterite	0.7692307829856873	0.2377943502929065
castanea	castanets	0.7647058963775635	0.20541490126145234
castigation	cation	0.9230769276618958	0.2377943502929065
castling	catling	0.800000011920929	0.16303771126278205
castration	cation	0.9230769276618958	0.20541490126145234
catalectic	cataleptic	0.761904776096344	0.22112818235779563
cataplasia	cataplasm	0.7894737124443054	0.22112818235779563
cation	cessation	0.7692307829856873	0.2377943502929065
cation	channelisation	0.7692307829856873	0.2377943502929065
cation	channelization	0.7692307829856873	0.2377943502929065
cation	christianisation	0.7692307829856873	0.2377943502929065
cation	christianization	0.7692307829856873	0.2377943502929065
cation	coarctation	0.7692307829856873	0.2377943502929065
cation	commination	0.7692307829856873	0.2377943502929065
cation	commutation	0.7692307829856873	0.2377943502929065
cation	compartmentalisation	0.7692307829856873	0.2377943502929065
cation	compartmentalization	0.7692307829856873	0.2377943502929065
cation	computation	0.7692307829856873	0.2377943502929065
cation	conceptualisation	0.7692307829856873	0.2377943502929065
cation	conceptualization	0.7692307829856873	0.2377943502929065
cation	confutation	0.7692307829856873	0.2377943502929065
cation	consecration	0.7692307829856873	0.2377943502929065
cation	consolation	0.7692307829856873	0.2377943502929065
cation	consternation	0.7692307829856873	0.2377943502929065
cation	constipation	0.7692307829856873	0.2377943502929065
cation	corporation	0.7692307829856873	0.2377943502929065
cation	corrugation	0.7692307829856873	0.2377943502929065
cation	counterreformation	0.7692307829856873	0.2377943502929065
cation	crepitation	0.7692307829856873	0.2377943502929065
cation	cunctation	0.7692307829856873	0.2377943502929065
cation	decantation	0.7692307829856873	0.2377943502929065
cation	incarceration	0.7692307829856873	0.2377943502929065
cation	miscalculation	0.7692307829856873	0.2377943502929065
cation	topicalization	0.7692307829856873	0.2377943502929065
cation	edification	0.8461538553237915	0.2377943502929065
cation	electrification	0.8461538553237915	0.2377943502929065
cation	equivocation	0.8461538553237915	0.2377943502929065
cation	eradication	0.8461538553237915	0.2377943502929065
cation	fornication	0.8461538553237915	0.2377943502929065
cation	glorification	0.8461538553237915	0.2377943502929065
cation	gratification	0.8461538553237915	0.2377943502929065
cation	metrication	0.8461538553237915	0.2377943502929065
cation	metrification	0.8461538553237915	0.2377943502929065
cation	mollification	0.8461538553237915	0.2377943502929065
cation	oversimplification	0.8461538553237915	0.2377943502929065
cation	placation	0.8461538553237915	0.2377943502929065
cation	quantification	0.8461538553237915	0.2377943502929065
cation	ratification	0.8461538553237915	0.2377943502929065
cation	reallocation	0.8461538553237915	0.2377943502929065
cation	relocation	0.8461538553237915	0.2377943502929065
cation	supplication	0.8461538553237915	0.2377943502929065
cation	typification	0.8461538553237915	0.2377943502929065
cation	vacation	0.8461538553237915	0.2377943502929065
cation	verification	0.8461538553237915	0.2377943502929065
cation	vindication	0.8461538553237915	0.2377943502929065
cation	coeducation	0.9230769276618958	0.2377943502929065
cation	cohabitation	0.7692307829856873	0.22112818235779563
cation	collimation	0.7692307829856873	0.22112818235779563
cation	commercialisation	0.7692307829856873	0.22112818235779563
cation	commercialization	0.7692307829856873	0.22112818235779563
cation	condonation	0.7692307829856873	0.22112818235779563
cation	conservation	0.7692307829856873	0.22112818235779563
cation	contemplation	0.7692307829856873	0.22112818235779563
cation	contestation	0.7692307829856873	0.22112818235779563
cation	conventionalisation	0.7692307829856873	0.22112818235779563
cation	conventionalization	0.7692307829856873	0.22112818235779563
cation	coronation	0.7692307829856873	0.22112818235779563
cation	criminalisation	0.7692307829856873	0.22112818235779563
cation	criminalization	0.7692307829856873	0.22112818235779563
cation	recalculation	0.7692307829856873	0.22112818235779563
cation	recantation	0.7692307829856873	0.22112818235779563
cation	densification	0.8461538553237915	0.22112818235779563
cation	deprecation	0.8461538553237915	0.22112818235779563
cation	echolocation	0.8461538553237915	0.22112818235779563
cation	extrication	0.8461538553237915	0.22112818235779563
cation	formication	0.8461538553237915	0.22112818235779563
cation	jollification	0.8461538553237915	0.22112818235779563
cation	mastication	0.8461538553237915	0.22112818235779563
cation	misapplication	0.8461538553237915	0.22112818235779563
cation	nullification	0.8461538553237915	0.22112818235779563
cation	reclassification	0.8461538553237915	0.22112818235779563
cation	rededication	0.8461538553237915	0.22112818235779563
cation	revivification	0.8461538553237915	0.22112818235779563
cation	sanctification	0.8461538553237915	0.22112818235779563
cation	suffocation	0.8461538553237915	0.22112818235779563
cation	syndication	0.8461538553237915	0.22112818235779563
cation	truncation	0.8461538553237915	0.22112818235779563
cation	vellication	0.8461538553237915	0.22112818235779563
cation	confiscation	0.9230769276618958	0.22112818235779563
cation	centralisation	0.7692307829856873	0.20541490126145234
cation	centralization	0.7692307829856873	0.20541490126145234
cation	circularisation	0.7692307829856873	0.20541490126145234
cation	circularization	0.7692307829856873	0.20541490126145234
cation	circumnavigation	0.7692307829856873	0.20541490126145234
cation	constatation	0.7692307829856873	0.20541490126145234
cation	decapitation	0.7692307829856873	0.20541490126145234
cation	escalation	0.7692307829856873	0.20541490126145234
cation	overcapitalisation	0.7692307829856873	0.20541490126145234
cation	overcapitalization	0.7692307829856873	0.20541490126145234
cation	declassification	0.8461538553237915	0.20541490126145234
cation	decortication	0.8461538553237915	0.20541490126145234
cation	detoxification	0.8461538553237915	0.20541490126145234
cation	intensification	0.8461538553237915	0.20541490126145234
cation	prefabrication	0.8461538553237915	0.20541490126145234
cation	transmogrification	0.8461538553237915	0.20541490126145234
cation	urtication	0.8461538553237915	0.20541490126145234
cation	viatication	0.8461538553237915	0.20541490126145234
cation	cauterisation	0.9230769276618958	0.20541490126145234
cation	cauterization	0.9230769276618958	0.20541490126145234
cation	collectivisation	0.7692307829856873	0.1905514124267734
cation	collectivization	0.7692307829856873	0.1905514124267734
cation	colonisation	0.7692307829856873	0.1905514124267734
cation	colonization	0.7692307829856873	0.1905514124267734
cation	consummation	0.7692307829856873	0.1905514124267734
cation	counterdemonstration	0.7692307829856873	0.1905514124267734
cation	indemnification	0.8461538553237915	0.1905514124267734
cation	preachification	0.8461538553237915	0.1905514124267734
cation	reification	0.8461538553237915	0.1905514124267734
cation	reunification	0.8461538553237915	0.1905514124267734
cation	syllabification	0.8461538553237915	0.1905514124267734
cation	computerization	0.7692307829856873	0.17645049711225924
cation	cybernation	0.7692307829856873	0.17645049711225924
cation	divarication	0.8461538553237915	0.17645049711225924
cation	gentrification	0.8461538553237915	0.17645049711225924
cation	inculcation	0.8461538553237915	0.17645049711225924
cation	refabrication	0.8461538553237915	0.17645049711225924
cation	trifurcation	0.8461538553237915	0.17645049711225924
cation	claudication	0.9230769276618958	0.17645049711225924
cation	phacoemulsification	0.8461538553237915	0.16303771126278205
ceding	crossbreeding	0.7692307829856873	0.20541490126145234
cellaret	claret	0.7692307829856873	0.22112818235779563
cental	placental	0.8461538553237915	0.20541490126145234
centaury	century	0.800000011920929	0.22112818235779563
chachalaca	halacha	0.7857142686843872	0.1905514124267734
chaldron	charon	0.7692307829856873	0.2377943502929065
chassidism	chassis	0.800000011920929	0.20541490126145234
chastening	christening	0.761904776096344	0.2377943502929065
cheating	overheating	0.7647058963775635	0.2377943502929065
cheating	eating	0.8461538553237915	0.2377943502929065
cheesemonger	conger	0.7692307829856873	0.22112818235779563
chemiluminescence	eminence	0.8235294222831726	0.22112818235779563
chenopodium	podium	0.8461538553237915	0.22112818235779563
chevron	chevrotain	0.800000011920929	0.1905514124267734
chiller	schiller	0.8666666746139526	0.22112818235779563
chiller	chiseller	0.800000011920929	0.20541490126145234
chilli	chinchillidae	0.8461538553237915	0.20541490126145234
chiron	chironomidae	0.8461538553237915	0.2377943502929065
chiron	chironomus	0.8461538553237915	0.2377943502929065
chondrodystrophy	trophy	0.8461538553237915	0.2377943502929065
chrism	chromatism	0.7692307829856873	0.22112818235779563
chrome	chronometer	0.7692307829856873	0.22112818235779563
chungking	chunking	0.8235294222831726	0.20541490126145234
cinerarium	nerium	0.7692307829856873	0.22112818235779563
cistron	citron	0.7692307829856873	0.2377943502929065
clangoring	goring	0.8461538553237915	0.22112818235779563
claret	clarinet	0.7692307829856873	0.17645049711225924
clause	clausewitz	0.8461538553237915	0.1905514124267734
cleaver	leaver	0.8461538553237915	0.2377943502929065
clinopodium	podium	0.8461538553237915	0.22112818235779563
closeout	closet	0.7692307829856873	0.20541490126145234
cluster	custer	0.7692307829856873	0.20541490126145234
cnicus	copernicus	0.7692307829856873	0.2377943502929065
coaming	coming	0.7692307829856873	0.2377943502929065
cobble	collywobbles	0.7692307829856873	0.16303771126278205
cockaigne	coigne	0.7692307829856873	0.22112818235779563
cocker	comstockery	0.7692307829856873	0.11510664393161199
coding	codling	0.7692307829856873	0.12632891956379272
colima	collimation	0.7692307829856873	0.2377943502929065
collaborationist	coloration	0.761904776096344	0.2377943502929065
collider	collier	0.800000011920929	0.22112818235779563
coloradillo	colorado	0.8235294222831726	0.2377943502929065
columbine	combine	0.800000011920929	0.2377943502929065
commie	commixture	0.7692307829856873	0.22112818235779563
compiling	piling	0.8461538553237915	0.17645049711225924
composite	compote	0.800000011920929	0.22112818235779563
concepcion	conceptualisation	0.75	0.22112818235779563
concepcion	conceptualization	0.75	0.22112818235779563
condominium	conium	0.9230769276618958	0.2377943502929065
conferral	corral	0.7692307829856873	0.20541490126145234
conger	costermonger	0.9230769276618958	0.22112818235779563
conger	congeries	0.8461538553237915	0.16303771126278205
conium	meconium	0.8461538553237915	0.2377943502929065
conopodium	podium	0.8461538553237915	0.22112818235779563
conqueror	konqueror	0.7894737124443054	0.20541490126145234
constatation	natation	0.75	0.2377943502929065
constatation	counterdemonstration	0.761904776096344	0.2377943502929065
consubstantiation	substation	0.8571428656578064	0.2377943502929065
consuetudinal	consul	0.7692307829856873	0.1905514124267734
consul	consultancy	0.8461538553237915	0.22112818235779563
contemporaneousness	contemptuousness	0.7878788113594055	0.17645049711225924
contemptuousness	continuousness	0.7586206793785095	0.20541490126145234
contemptuousness	sumptuousness	0.7777777910232544	0.20541490126145234
contemptuousness	contiguousness	0.7586206793785095	0.1905514124267734
contra	contract	0.8461538553237915	0.2377943502929065
contra	contracting	0.8461538553237915	0.2377943502929065
contra	contraction	0.8461538553237915	0.2377943502929065
contra	contrail	0.8461538553237915	0.2377943502929065
contra	contrafagotto	0.8461538553237915	0.17645049711225924
contra	contracture	0.8461538553237915	0.16303771126278205
contrabass	contras	0.8666666746139526	0.2377943502929065
contrabassoon	contras	0.800000011920929	0.17645049711225924
contradistinction	contraption	0.7727272510528564	0.2377943502929065
contrail	contraindication	0.7647058963775635	0.2377943502929065
conventionalisation	conversationalist	0.7575757503509521	0.2377943502929065
coping	copying	0.7692307829856873	0.2377943502929065
coriandrum	corium	0.7692307829856873	0.2377943502929065
corolla	coronilla	0.800000011920929	0.22112818235779563
corporal	corral	0.7692307829856873	0.2377943502929065
corrective	correlative	0.761904776096344	0.22112818235779563
corregidor	corridor	0.8125	0.22112818235779563
corrida	corrigenda	0.800000011920929	0.22112818235779563
cortland	portland	0.7647058963775635	0.2377943502929065
corvee	corvette	0.7692307829856873	0.1905514124267734
cotoneaster	easter	0.8461538553237915	0.20541490126145234
coughing	ploughing	0.7647058963775635	0.2377943502929065
couture	couverture	0.800000011920929	0.2377943502929065
crapulence	opulence	0.7647058963775635	0.2377943502929065
crasher	rasher	0.8461538553237915	0.22112818235779563
crenellation	fellation	0.7894737124443054	0.2377943502929065
croquet	croquette	0.8666666746139526	0.22112818235779563
crossbones	crossbow	0.7647058963775635	0.1905514124267734
croton	crouton	0.7692307829856873	0.2377943502929065
crushing	cushing	0.800000011920929	0.1905514124267734
cuculus	luculus	0.7857142686843872	0.17645049711225924
cunner	scunner	0.8461538553237915	0.1380288800733184
cunnilingus	cunning	0.800000011920929	0.2377943502929065
cupper	scupper	0.8461538553237915	0.22112818235779563
cyclone	cyclopropane	0.800000011920929	0.2377943502929065
cyclone	cycloserine	0.800000011920929	0.2377943502929065
cyclopaedia	cyclopia	0.8235294222831726	0.1905514124267734
cyclopedia	cyclopes	0.7647058963775635	0.22112818235779563
cyclopedia	cyclopia	0.8235294222831726	0.1905514124267734
cyrilliaceae	cyrillic	0.7647058963775635	0.17645049711225924
damaliscus	damascus	0.8235294222831726	0.20541490126145234
daring	darjeeling	0.7692307829856873	0.1905514124267734
daughter	manslaughter	0.7647058963775635	0.20541490126145234
decadence	decalescence	0.7777777910232544	0.22112818235779563
decentralisation	ration	0.7692307829856873	0.22112818235779563
declinometer	demeter	0.800000011920929	0.1905514124267734
defecation	defenestration	0.761904776096344	0.2377943502929065
defecation	deprecation	0.761904776096344	0.2377943502929065
defenestration	fenestra	0.7647058963775635	0.22112818235779563
defroster	roster	0.8461538553237915	0.2377943502929065
delicious	delius	0.7692307829856873	0.2377943502929065
delphi	didelphidae	0.7692307829856873	0.22112818235779563
delphi	didelphis	0.7692307829856873	0.22112818235779563
delphi	delphinapterus	0.8461538553237915	0.22112818235779563
delphi	delphinidae	0.8461538553237915	0.22112818235779563
demeter	densimeter	0.800000011920929	0.1905514124267734
demeter	densitometer	0.800000011920929	0.1905514124267734
demineralisation	lateralisation	0.75	0.2377943502929065
demineralisation	liberalisation	0.75	0.2377943502929065
demineralization	lateralization	0.75	0.2377943502929065
demineralization	liberalization	0.75	0.2377943502929065
demodulation	demotion	0.8235294222831726	0.20541490126145234
denudation	sudation	0.7647058963775635	0.2377943502929065
dermatomyositis	dermis	0.7692307829856873	0.22112818235779563
dermatosclerosis	dermis	0.7692307829856873	0.1905514124267734
detachment	detent	0.7692307829856873	0.2377943502929065
detainment	detent	0.7692307829856873	0.22112818235779563
detent	determent	0.9230769276618958	0.2377943502929065
detent	deterrent	0.9230769276618958	0.2377943502929065
detent	detriment	0.7692307829856873	0.22112818235779563
detent	dethronement	0.7692307829856873	0.1905514124267734
diagonalisation	donation	0.75	0.2377943502929065
diagonalisation	nasalisation	0.75	0.22112818235779563
diagonalization	donation	0.75	0.2377943502929065
dibble	dribble	0.7692307829856873	0.2377943502929065
dibrach	dibranch	0.800000011920929	0.16303771126278205
dictostylium	dictum	0.7692307829856873	0.2377943502929065
dining	disowning	0.8333333134651184	0.2377943502929065
dionysius	dionysus	0.8235294222831726	0.2377943502929065
disappointment	ointment	0.875	0.22112818235779563
discontinuance	sconce	0.7692307829856873	0.22112818235779563
disdainfulness	sinfulness	0.8095238208770752	0.22112818235779563
disdainfulness	gainfulness	0.8260869383811951	0.20541490126145234
disforestation	station	0.8666666746139526	0.2377943502929065
disowning	downing	0.800000011920929	0.2377943502929065
dissatisfaction	dissection	0.761904776096344	0.2377943502929065
domiciliation	donation	0.75	0.2377943502929065
domine	dopamine	0.7692307829856873	0.1905514124267734
domineeringness	eeriness	0.8823529481887817	0.1905514124267734
dominick	dominicus	0.7647058963775635	0.15024900644805075
dominicus	dominus	0.800000011920929	0.2377943502929065
doohickey	hickey	0.8461538553237915	0.22112818235779563
doppelganger	ganger	0.8461538553237915	0.17645049711225924
dotage	downstage	0.7692307829856873	0.22112818235779563
doweling	toweling	0.7647058963775635	0.22112818235779563
dragnet	dragonet	0.800000011920929	0.1905514124267734
dreadnought	drought	0.800000011920929	0.22112818235779563
drilling	trilling	0.7647058963775635	0.22112818235779563
duckling	truckling	0.7647058963775635	0.22112818235779563
duration	durion	0.7692307829856873	0.22112818235779563
earthing	farthing	0.7647058963775635	0.20541490126145234
easter	headmaster	0.7692307829856873	0.2377943502929065
easter	oleaster	0.8461538553237915	0.20541490126145234
eating	pleating	0.8461538553237915	0.2377943502929065
eccles	ecclesiology	0.8461538553237915	0.2377943502929065
echinocereus	echinus	0.800000011920929	0.22112818235779563
edging	hedging	0.8461538553237915	0.22112818235779563
edmonton	edmontosaurus	0.8125	0.15024900644805075
efferent	referent	0.75	0.2377943502929065
eighter	freighter	0.8666666746139526	0.17645049711225924
electromyography	electron	0.7647058963775635	0.20541490126145234
elusiveness	exclusiveness	0.8695651888847351	0.20541490126145234
emulsion	phacoemulsification	0.8235294222831726	0.20541490126145234
encolure	encore	0.7692307829856873	0.16303771126278205
encyclia	encyclopaedia	0.8235294222831726	0.1905514124267734
encyclia	encyclopedia	0.8235294222831726	0.1905514124267734
endlessness	windlessness	0.800000011920929	0.22112818235779563
entail	ventail	0.8461538553237915	0.22112818235779563
entebbe	entente	0.800000011920929	0.2377943502929065
ephemerida	merida	0.8461538553237915	0.22112818235779563
ephemerida	ephemeris	0.7894737124443054	0.17645049711225924
epithalamium	lamium	0.8461538553237915	0.2377943502929065
eradication	radiocommunication	0.782608687877655	0.22112818235779563
erving	supervising	0.7692307829856873	0.2377943502929065
erving	swerving	0.8461538553237915	0.1905514124267734
escadrille	espadrille	0.761904776096344	0.1905514124267734
eumenes	eumenides	0.800000011920929	0.2377943502929065
everlasting	everting	0.8235294222831726	0.16303771126278205
excess	exclusiveness	0.7692307829856873	0.2377943502929065
excessiveness	exclusiveness	0.8333333134651184	0.20541490126145234
exclusiveness	liveness	0.7647058963775635	0.20541490126145234
exclusiveness	reclusiveness	0.7777777910232544	0.1905514124267734
exteriorisation	extern	0.7692307829856873	0.17645049711225924
exteriorization	extern	0.7692307829856873	0.17645049711225924
extermination	extern	0.7692307829856873	0.20541490126145234
extern	exteroception	0.7692307829856873	0.20541490126145234
facing	factoring	0.7692307829856873	0.20541490126145234
facsimile	simile	0.8461538553237915	0.2377943502929065
falange	flange	0.7692307829856873	0.22112818235779563
falchion	falcon	0.7692307829856873	0.22112818235779563
farthing	farting	0.800000011920929	0.22112818235779563
fasciculation	fascicule	0.7894737124443054	0.2377943502929065
fasting	feasting	0.800000011920929	0.22112818235779563
faulting	somersaulting	0.7647058963775635	0.20541490126145234
fauvism	favism	0.7692307829856873	0.22112818235779563
favism	favoritism	0.7692307829856873	0.22112818235779563
favism	favouritism	0.7692307829856873	0.22112818235779563
fedelline	feline	0.8461538553237915	0.22112818235779563
fellation	interpellation	0.7894737124443054	0.2377943502929065
fellation	illation	0.7647058963775635	0.22112818235779563
fellation	tessellation	0.7894737124443054	0.22112818235779563
fellation	flagellation	0.8421052694320679	0.20541490126145234
fellation	parcellation	0.7894737124443054	0.1905514124267734
fermenting	tinting	0.75	0.2377943502929065
finalisation	nasalisation	0.75	0.2377943502929065
finalisation	professionalisation	0.7599999904632568	0.2377943502929065
finalisation	marginalisation	0.8399999737739563	0.2377943502929065
finalization	professionalization	0.7599999904632568	0.2377943502929065
finalization	marginalization	0.8399999737739563	0.2377943502929065
fingerling	fingerspelling	0.8333333134651184	0.22112818235779563
fingerpointing	tinting	0.8333333134651184	0.20541490126145234
fitter	fritter	0.7692307829856873	0.2377943502929065
flagellation	flagon	0.7692307829856873	0.20541490126145234
flanders	glanders	0.7647058963775635	0.15024900644805075
floating	gloating	0.7647058963775635	0.22112818235779563
florence	fluorescence	0.7647058963775635	0.1905514124267734
flounce	fluidounce	0.800000011920929	0.2377943502929065
fluorapatite	ratite	0.7692307829856873	0.2377943502929065
flybridge	fridge	0.7692307829856873	0.2377943502929065
folate	footplate	0.7692307829856873	0.2377943502929065
fording	foregrounding	0.800000011920929	0.22112818235779563
foregrounding	wounding	0.7647058963775635	0.2377943502929065
foregrounding	founding	0.9411764740943909	0.2377943502929065
forewarning	forewing	0.8235294222831726	0.2377943502929065
fraise	framboise	0.7692307829856873	0.22112818235779563
fraise	franchise	0.7692307829856873	0.22112818235779563
frangipane	frangipanni	0.800000011920929	0.2377943502929065
galactagogue	galago	0.7692307829856873	0.2377943502929065
gallantry	gantry	0.9230769276618958	0.2377943502929065
gambelia	gambia	0.7692307829856873	0.22112818235779563
gambia	gambusia	0.7692307829856873	0.22112818235779563
gander	grandstander	0.7692307829856873	0.2377943502929065
gander	gerrymander	0.7692307829856873	0.11510664393161199
garment	garnishment	0.800000011920929	0.22112818235779563
gaslight	slight	0.8461538553237915	0.17645049711225924
gastromy	gastromycetes	0.8823529481887817	0.2377943502929065
gastromy	gastromycete	0.8823529481887817	0.1905514124267734
gatecrasher	rasher	0.8461538553237915	0.22112818235779563
genitive	lenitive	0.7647058963775635	0.2377943502929065
gentrification	vitrification	0.7777777910232544	0.2377943502929065
gentrification	nitrification	0.7777777910232544	0.22112818235779563
germander	gerrymander	0.8333333134651184	0.15024900644805075
gesner	gesneriaceae	0.8461538553237915	0.2377943502929065
gestation	reforestation	0.7894737124443054	0.2377943502929065
gillyflower	glower	0.7692307829856873	0.15024900644805075
gingivitis	giving	0.7692307829856873	0.2377943502929065
gizzard	izzard	0.8461538553237915	0.20541490126145234
glassblower	glower	0.9230769276618958	0.20541490126145234
glendower	glower	0.7692307829856873	0.22112818235779563
glister	lister	0.8461538553237915	0.22112818235779563
globeflower	glower	1.0	0.17645049711225924
gloriole	oriole	0.8461538553237915	0.1905514124267734
goering	gossipmongering	0.800000011920929	0.2377943502929065
gorgon	gorgonacea	0.8333333134651184	0.2377943502929065
gorgon	gorgoniacea	0.8333333134651184	0.2377943502929065
gorgon	gorgonocephalus	0.8333333134651184	0.2377943502929065
goring	gossipmongering	0.7692307829856873	0.2377943502929065
gracie	gracilariidae	0.7692307829856873	0.2377943502929065
gracie	gracillariidae	0.7692307829856873	0.2377943502929065
grafting	grating	0.800000011920929	0.1905514124267734
gramma	grammatolatry	0.8461538553237915	0.17645049711225924
grammarian	ramman	0.7692307829856873	0.2377943502929065
gramps	grampus	0.7692307829856873	0.20541490126145234
granada	granadilla	0.800000011920929	0.2377943502929065
guenevere	revere	0.75	0.22112818235779563
guerdon	gueridon	0.800000011920929	0.1905514124267734
guinevere	revere	0.75	0.22112818235779563
hadron	halimodendron	0.7692307829856873	0.22112818235779563
haematobia	haematochezia	0.761904776096344	0.2377943502929065
hallah	hallelujah	0.7692307829856873	0.2377943502929065
hamamelidoxylon	hameln	0.7692307829856873	0.22112818235779563
hamamelidoxylon	hamelin	0.800000011920929	0.22112818235779563
hampton	northampton	0.8666666746139526	0.2377943502929065
handover	hanover	0.800000011920929	0.20541490126145234
hatching	patching	0.7647058963775635	0.2377943502929065
haughtiness	naughtiness	0.8260869383811951	0.2377943502929065
hausen	munchausen	0.8461538553237915	0.20541490126145234
heaver	hemidemisemiquaver	0.7692307829856873	0.2377943502929065
heliopsis	helios	0.7692307829856873	0.1905514124267734
hemstitching	pitching	0.7647058963775635	0.20541490126145234
hemstitching	witching	0.7647058963775635	0.1905514124267734
hemstitching	itching	0.8666666746139526	0.17645049711225924
heracles	heracleum	0.7647058963775635	0.2377943502929065
herman	hermannia	0.8461538553237915	0.22112818235779563
hernia	hibernia	0.7692307829856873	0.2377943502929065
hesperides	hesperis	0.8235294222831726	0.22112818235779563
hinayanism	nanism	0.7692307829856873	0.20541490126145234
holism	homosexualism	0.7692307829856873	0.2377943502929065
holland	hollandaise	0.8666666746139526	0.20541490126145234
homograph	tomograph	0.7894737124443054	0.22112818235779563
hootch	hopscotch	0.7692307829856873	0.2377943502929065
humorousness	humous	0.8461538553237915	0.22112818235779563
hyacinthoides	hyades	0.7692307829856873	0.22112818235779563
hybridizing	riding	0.7692307829856873	0.2377943502929065
hydrocracking	tracking	0.7647058963775635	0.2377943502929065
hydroponics	hydrops	0.800000011920929	0.22112818235779563
hymenogastrales	nogales	0.800000011920929	0.2377943502929065
hypertension	pension	0.800000011920929	0.2377943502929065
illuminant	ruminant	0.7647058963775635	0.22112818235779563
impalement	implement	0.8421052694320679	0.22112818235779563
impecuniousness	imperiousness	0.8148148059844971	0.20541490126145234
imperiousness	piousness	0.7894737124443054	0.22112818235779563
imperiousness	impiousness	0.8695651888847351	0.22112818235779563
inauguration	induration	0.761904776096344	0.2377943502929065
inclementness	intentness	0.800000011920929	0.22112818235779563
inconsiderateness	insider	0.800000011920929	0.22112818235779563
inconsideration	insider	0.800000011920929	0.22112818235779563
inculcation	inculpation	0.782608687877655	0.20541490126145234
indent	superintendent	0.7692307829856873	0.2377943502929065
indoctrination	urination	0.7894737124443054	0.20541490126145234
induration	industrialisation	0.761904776096344	0.22112818235779563
induration	industrialization	0.761904776096344	0.22112818235779563
induration	instauration	0.761904776096344	0.22112818235779563
industrialisation	striation	0.8421052694320679	0.2377943502929065
industrialization	striation	0.8421052694320679	0.2377943502929065
inning	thinning	0.8333333134651184	0.2377943502929065
insignia	insignificance	0.7647058963775635	0.2377943502929065
insole	insolence	0.9230769276618958	0.1905514124267734
instilling	tilling	0.8666666746139526	0.2377943502929065
intemperateness	intentness	0.800000011920929	0.2377943502929065
interception	intern	0.7692307829856873	0.22112818235779563
intercom	intercostal	0.7647058963775635	0.2377943502929065
intercom	intercommunion	0.8823529481887817	0.20541490126145234
intercommunication	intern	0.7692307829856873	0.2377943502929065
intercommunion	intern	0.7692307829856873	0.1905514124267734
interconnection	intern	0.7692307829856873	0.2377943502929065
interdiction	intern	0.7692307829856873	0.1905514124267734
interjection	intern	0.7692307829856873	0.2377943502929065
interlaken	intern	0.7692307829856873	0.22112818235779563
interleukin	intern	0.7692307829856873	0.22112818235779563
intermediation	intern	0.7692307829856873	0.22112818235779563
intern	interpretation	0.7692307829856873	0.2377943502929065
intern	interrogation	0.7692307829856873	0.2377943502929065
intern	interpellation	0.7692307829856873	0.22112818235779563
intern	interposition	0.7692307829856873	0.22112818235779563
intern	internationalism	0.8461538553237915	0.22112818235779563
intern	internationality	0.8461538553237915	0.22112818235779563
intern	interoception	0.7692307829856873	0.20541490126145234
intern	international	0.8461538553237915	0.20541490126145234
intern	internationale	0.8461538553237915	0.20541490126145234
intern	interpenetration	0.7692307829856873	0.1905514124267734
intern	interspersion	0.7692307829856873	0.1905514124267734
internationale	interne	0.800000011920929	0.20541490126145234
interne	interphone	0.800000011920929	0.2377943502929065
intron	reintroduction	0.7692307829856873	0.22112818235779563
intron	introspection	0.9230769276618958	0.20541490126145234
italia	sanvitalia	0.8461538553237915	0.20541490126145234
itching	whipstitching	0.8666666746139526	0.17645049711225924
itineration	ration	0.8461538553237915	0.2377943502929065
jammer	katzenjammer	0.8461538553237915	0.22112818235779563
juggling	snuggling	0.7647058963775635	0.1905514124267734
kabala	karbala	0.7692307829856873	0.2377943502929065
kalapooian	kalian	0.7692307829856873	0.20541490126145234
kelter	klinefelter	0.7692307829856873	0.2377943502929065
kinyarwanda	rwanda	0.8461538553237915	0.20541490126145234
lading	lipreading	0.7692307829856873	0.2377943502929065
lading	rollerblading	0.8461538553237915	0.20541490126145234
lament	ligament	0.7692307829856873	0.2377943502929065
lammergeier	merger	0.75	0.17645049711225924
lammergeyer	merger	0.75	0.17645049711225924
lander	slander	0.8461538553237915	0.2377943502929065
lander	lysander	0.7692307829856873	0.1905514124267734
languor	langur	0.7692307829856873	0.17645049711225924
lateralisation	moralisation	0.7599999904632568	0.22112818235779563
lateralisation	liberalisation	0.7857142686843872	0.22112818235779563
lateralisation	lateran	0.800000011920929	0.1905514124267734
lateralization	moralization	0.7599999904632568	0.22112818235779563
lateralization	liberalization	0.7857142686843872	0.22112818235779563
lateralization	lateran	0.800000011920929	0.1905514124267734
latter	platter	0.8461538553237915	0.22112818235779563
laurentius	laurus	0.7692307829856873	0.2377943502929065
laying	slaying	0.8461538553237915	0.22112818235779563
leafhopper	lopper	0.7692307829856873	0.20541490126145234
lecturing	turing	0.8461538553237915	0.22112818235779563
leging	legislating	0.9230769276618958	0.2377943502929065
leging	leveraging	0.7692307829856873	0.1905514124267734
lentia	lentibulariaceae	0.7692307829856873	0.22112818235779563
leontopodium	podium	0.8461538553237915	0.22112818235779563
leresis	plateletpheresis	0.800000011920929	0.22112818235779563
lessor	plessor	0.8461538553237915	0.2377943502929065
liberalisation	libration	0.7894737124443054	0.2377943502929065
liberalization	libration	0.7894737124443054	0.2377943502929065
ligularia	liguria	0.800000011920929	0.20541490126145234
lilium	supercilium	0.75	0.22112818235779563
lipochondrodystrophy	trophy	0.8461538553237915	0.22112818235779563
lodgement	loment	0.7692307829856873	0.20541490126145234
lodgment	loment	0.7692307829856873	0.20541490126145234
longan	longanimity	0.8461538553237915	0.17645049711225924
lugger	plugger	0.8461538553237915	0.2377943502929065
lycopodium	podium	0.8461538553237915	0.2377943502929065
lysander	sander	0.8461538553237915	0.1905514124267734
macaca	maraca	0.800000011920929	0.22112818235779563
macguffin	muffin	0.7692307829856873	0.1905514124267734
machicolation	machination	0.782608687877655	0.17645049711225924
macrobiotics	macrotis	0.7647058963775635	0.22112818235779563
macrodantin	macron	0.7692307829856873	0.2377943502929065
macroeconomics	macron	0.7692307829856873	0.22112818235779563
macroeconomist	macron	0.7692307829856873	0.2377943502929065
macule	majuscule	0.7692307829856873	0.22112818235779563
maiger	mantiger	0.7692307829856873	0.09394947053233857
malacostraca	maraca	0.7692307829856873	0.2377943502929065
managua	manana	0.800000011920929	0.2377943502929065
manama	manana	0.800000011920929	0.2377943502929065
mandril	mandrillus	0.8666666746139526	0.22112818235779563
mandril	mandrill	0.9333333373069763	0.1905514124267734
manger	mantiger	0.7692307829856873	0.20541490126145234
mantilla	tantilla	0.7647058963775635	0.22112818235779563
mantis	mantissa	0.8461538553237915	0.16303771126278205
marchantiaceae	marche	0.7692307829856873	0.22112818235779563
marche	menarche	0.7692307829856873	0.22112818235779563
margarin	margin	0.7692307829856873	0.2377943502929065
margarine	marine	1.0	0.2377943502929065
marine	oleomargarine	0.8461538553237915	0.2377943502929065
marlin	marlingspike	0.8461538553237915	0.16303771126278205
marseillaise	marseille	0.8421052694320679	0.2377943502929065
mastery	monastery	0.800000011920929	0.2377943502929065
matriculation	matron	0.7692307829856873	0.2377943502929065
mauritania	ruritania	0.7894737124443054	0.20541490126145234
mcguffin	muffin	0.7692307829856873	0.1905514124267734
medina	medinilla	0.7692307829856873	0.22112818235779563
megachiroptera	megaera	0.800000011920929	0.22112818235779563
megaera	megaloptera	0.800000011920929	0.22112818235779563
megaera	megaptera	0.800000011920929	0.22112818235779563
melampodium	podium	0.8461538553237915	0.22112818235779563
melanism	mendelianism	0.7647058963775635	0.16303771126278205
memorialisation	morion	0.8461538553237915	0.1905514124267734
memorialization	morion	0.8461538553237915	0.1905514124267734
memorisation	morion	0.8461538553237915	0.1905514124267734
memorization	morion	0.8461538553237915	0.1905514124267734
mention	sentimentalisation	0.8666666746139526	0.2377943502929065
mention	sentimentalization	0.8666666746139526	0.2377943502929065
meprobamate	probate	0.800000011920929	0.2377943502929065
merganser	merger	0.75	0.15024900644805075
metacenter	tenter	0.75	0.17645049711225924
microbalance	microbat	0.7647058963775635	0.20541490126145234
microchip	microchiroptera	0.7894737124443054	0.22112818235779563
microdipodops	microdot	0.7647058963775635	0.2377943502929065
microeconomics	micromicron	0.75	0.2377943502929065
microeconomics	micron	0.7692307829856873	0.2377943502929065
microelectronics	micron	0.8461538553237915	0.22112818235779563
micron	micropaleontology	0.7692307829856873	0.22112818235779563
micron	microphone	0.7692307829856873	0.20541490126145234
micron	microsporidian	0.7692307829856873	0.20541490126145234
millenarianism	nanism	0.7692307829856873	0.20541490126145234
milling	misspelling	0.800000011920929	0.2377943502929065
mindlessness	windlessness	0.8181818127632141	0.1905514124267734
miniaturisation	minion	0.9230769276618958	0.20541490126145234
miniaturization	minion	0.9230769276618958	0.20541490126145234
minimisation	minion	0.9230769276618958	0.22112818235779563
minimization	minion	0.9230769276618958	0.22112818235779563
minister	mister	0.9230769276618958	0.2377943502929065
minster	mister	0.7692307829856873	0.1905514124267734
misprint	sprint	0.8461538553237915	0.2377943502929065
mistral	mistrial	0.800000011920929	0.1905514124267734
mithra	mithracin	0.8461538553237915	0.1905514124267734
mithra	mithramycin	0.8461538553237915	0.1905514124267734
molindone	moline	0.9230769276618958	0.2377943502929065
momentum	omentum	0.8666666746139526	0.2377943502929065
monitoring	mooring	0.800000011920929	0.22112818235779563
montana	tabernaemontana	0.8666666746139526	0.22112818235779563
mooring	motoring	0.800000011920929	0.2377943502929065
morgan	morrigan	0.7692307829856873	0.2377943502929065
morion	mortification	0.7692307829856873	0.22112818235779563
morion	motorisation	0.8461538553237915	0.20541490126145234
morion	motorization	0.8461538553237915	0.20541490126145234
mosquitofish	squish	0.7692307829856873	0.12632891956379272
multiple	multiplex	0.8823529481887817	0.20541490126145234
multiple	multiplexer	0.8823529481887817	0.20541490126145234
nabalus	nablus	0.7692307829856873	0.20541490126145234
nacimiento	pimiento	0.7647058963775635	0.2377943502929065
nanism	nestorianism	0.7692307829856873	0.2377943502929065
nanism	predestinarianism	0.7692307829856873	0.1905514124267734
nasalisation	natation	0.75	0.2377943502929065
nasalization	natation	0.75	0.2377943502929065
natation	nazification	0.75	0.2377943502929065
natation	nictation	0.75	0.20541490126145234
natation	nictitation	0.75	0.20541490126145234
neocolonialism	neocon	0.7692307829856873	0.22112818235779563
nephthys	nephthytis	0.8235294222831726	0.17645049711225924
nestle	newcastle	0.7692307829856873	0.20541490126145234
neurolemma	neuroma	0.800000011920929	0.1905514124267734
neurotransmitter	neuter	0.7692307829856873	0.2377943502929065
nevirapine	rapine	0.8461538553237915	0.20541490126145234
nibelung	nibelungenlied	0.8823529481887817	0.2377943502929065
nightingale	ningal	0.7692307829856873	0.20541490126145234
noctua	nocturia	0.7692307829856873	0.2377943502929065
nonaggression	nonagon	0.7857142686843872	0.22112818235779563
noncom	nonconformism	0.7692307829856873	0.2377943502929065
noncom	noncompliance	0.8461538553237915	0.2377943502929065
noninterference	terence	0.8666666746139526	0.1905514124267734
northwester	tester	0.75	0.2377943502929065
opsonisation	unionisation	0.761904776096344	0.2377943502929065
opsonization	unionization	0.761904776096344	0.2377943502929065
orator	refrigerator	0.75	0.2377943502929065
orator	turbogenerator	0.75	0.2377943502929065
orbison	orison	0.7692307829856873	0.2377943502929065
organicism	orgasm	0.7692307829856873	0.20541490126145234
orthopristis	orthoptist	0.761904776096344	0.20541490126145234
oscillator	oscillatoriaceae	0.9047619104385376	0.22112818235779563
outbuilding	outing	0.7692307829856873	0.2377943502929065
overcoating	overeating	0.761904776096344	0.20541490126145234
overcoating	overrating	0.761904776096344	0.20541490126145234
overeating	overrating	0.761904776096344	0.22112818235779563
overeating	overheating	0.8571428656578064	0.22112818235779563
overheating	overrating	0.761904776096344	0.22112818235779563
overlip	overlordship	0.800000011920929	0.2377943502929065
pageantry	pantry	0.9230769276618958	0.22112818235779563
paling	parceling	0.7692307829856873	0.2377943502929065
paling	parcelling	0.7692307829856873	0.2377943502929065
paling	pealing	0.7692307829856873	0.2377943502929065
paling	paltering	0.7692307829856873	0.1905514124267734
paling	parasailing	0.7692307829856873	0.15024900644805075
palmistry	pastry	0.7692307829856873	0.20541490126145234
pandiculation	pandion	0.9333333373069763	0.2377943502929065
panting	tinting	0.75	0.22112818235779563
pantry	pleasantry	0.7692307829856873	0.20541490126145234
parachuting	parang	0.7692307829856873	0.15024900644805075
paragliding	paring	0.7692307829856873	0.2377943502929065
paraph	paraphrasis	0.8461538553237915	0.22112818235779563
paraph	paraphrenia	0.8461538553237915	0.20541490126145234
parasailing	paring	0.7692307829856873	0.2377943502929065
parasailing	railing	0.800000011920929	0.16303771126278205
parasailing	piling	0.7692307829856873	0.12632891956379272
parent	parenthetical	0.8461538553237915	0.2377943502929065
parthenocissus	parthenon	0.7894737124443054	0.22112818235779563
partial	participial	0.9333333373069763	0.20541490126145234
paster	pilaster	0.7692307829856873	0.2377943502929065
peculation	recirculation	0.761904776096344	0.22112818235779563
pelage	persiflage	0.7692307829856873	0.2377943502929065
penitentiary	plenipotentiary	0.75	0.2377943502929065
penlight	plight	0.7692307829856873	0.20541490126145234
pentad	pentastomid	0.7692307829856873	0.22112818235779563
pentameter	pentamethylenetetrazol	0.8095238208770752	0.2377943502929065
pentode	pentoxide	0.800000011920929	0.2377943502929065
peregrination	urination	0.7894737124443054	0.22112818235779563
perestroika	troika	0.8461538553237915	0.22112818235779563
pericarditis	pericarp	0.7647058963775635	0.2377943502929065
pericementoclasia	persia	0.7692307829856873	0.17645049711225924
perithecium	perithelium	0.782608687877655	0.2377943502929065
pervaporation	ration	0.8461538553237915	0.2377943502929065
phaethon	phaeton	0.800000011920929	0.1905514124267734
phaneromania	romania	0.8666666746139526	0.2377943502929065
philadelphaceae	philadelphia	0.8181818127632141	0.20541490126145234
philadelphia	philadelphus	0.8181818127632141	0.2377943502929065
philippopolis	pholis	0.7692307829856873	0.22112818235779563
philophylla	phyllo	0.7692307829856873	0.20541490126145234
phlebodium	podium	0.7692307829856873	0.2377943502929065
phonics	photomechanics	0.800000011920929	0.2377943502929065
photoblepharon	photon	0.9230769276618958	0.22112818235779563
photoengraving	raving	0.8461538553237915	0.20541490126145234
phyllo	phyllocladus	0.8461538553237915	0.20541490126145234
phyllo	phylloporus	0.8461538553237915	0.20541490126145234
phyllo	phyllorhynchus	0.8461538553237915	0.20541490126145234
phyllo	phylloscopus	0.8461538553237915	0.20541490126145234
phyllo	phyllostomatidae	0.8461538553237915	0.20541490126145234
phyllo	phyllostomidae	0.8461538553237915	0.20541490126145234
phyllo	phyllostomus	0.8461538553237915	0.20541490126145234
phyllo	phylloxera	0.8461538553237915	0.20541490126145234
phyllo	phylloxeridae	0.8461538553237915	0.20541490126145234
phyllo	phyllocladaceae	0.8461538553237915	0.1905514124267734
phyllo	phyllodoce	0.8461538553237915	0.1905514124267734
piaster	pilaster	0.800000011920929	0.1905514124267734
pickett	pickpocket	0.800000011920929	0.2377943502929065
pigeonholing	piling	0.7692307829856873	0.1905514124267734
piling	profiling	0.7692307829856873	0.20541490126145234
piling	pillaging	0.7692307829856873	0.1905514124267734
pilotage	potage	0.7692307829856873	0.22112818235779563
pinochle	pinole	0.7692307829856873	0.2377943502929065
pinocle	pinole	0.7692307829856873	0.2377943502929065
piousness	superciliousness	0.7894737124443054	0.22112818235779563
piping	striping	0.75	0.2377943502929065
pitching	whipstitching	0.7647058963775635	0.20541490126145234
plasma	platysma	0.7692307829856873	0.2377943502929065
ploughing	sloughing	0.7894737124443054	0.22112818235779563
plover	pullover	0.7692307829856873	0.22112818235779563
polyploidy	polypody	0.75	0.2377943502929065
pomade	pomaderris	0.8461538553237915	0.2377943502929065
porphyria	porphyry	0.7647058963775635	0.20541490126145234
poulette	roulette	0.7647058963775635	0.22112818235779563
prance	predominance	0.7692307829856873	0.2377943502929065
prance	precipitance	0.7692307829856873	0.20541490126145234
prance	provenance	0.7692307829856873	0.20541490126145234
preachification	ratification	0.7727272510528564	0.2377943502929065
preachification	reification	0.782608687877655	0.1905514124267734
prechlorination	pronation	0.7777777910232544	0.2377943502929065
predator	predicator	0.8235294222831726	0.2377943502929065
predicator	prevaricator	0.761904776096344	0.2377943502929065
preemie	preeminence	0.800000011920929	0.2377943502929065
premie	premiere	0.9230769276618958	0.22112818235779563
premise	remise	0.8461538553237915	0.2377943502929065
presentiment	presentist	0.761904776096344	0.2377943502929065
prestidigitation	station	0.800000011920929	0.22112818235779563
proctologist	prolog	0.7692307829856873	0.22112818235779563
prolog	protoarcheology	0.7692307829856873	0.22112818235779563
protestantism	protistan	0.7894737124443054	0.2377943502929065
prothalamion	proton	0.7692307829856873	0.20541490126145234
proton	protraction	0.7692307829856873	0.22112818235779563
proton	protrusion	0.7692307829856873	0.20541490126145234
psalter	salter	0.8461538553237915	0.2377943502929065
psychoanalysis	psychopsis	0.800000011920929	0.20541490126145234
psychophysics	psychopsis	0.75	0.2377943502929065
pyromania	romania	0.8666666746139526	0.2377943502929065
pyrope	pyroscope	0.9230769276618958	0.22112818235779563
quadrate	quadruplicate	0.8235294222831726	0.22112818235779563
quadric	quadriceps	0.8666666746139526	0.22112818235779563
quince	quincentenary	0.8461538553237915	0.2377943502929065
quince	quincentennial	0.8461538553237915	0.2377943502929065
quincentenary	quincy	0.7692307829856873	0.2377943502929065
radiopacity	rapacity	0.8235294222831726	0.2377943502929065
railing	retailing	0.800000011920929	0.22112818235779563
railing	trailing	0.8666666746139526	0.20541490126145234
ramona	tramontana	0.7692307829856873	0.1905514124267734
ransom	transom	0.8461538553237915	0.2377943502929065
rasher	ravisher	0.7692307829856873	0.22112818235779563
ration	refabrication	0.7692307829856873	0.2377943502929065
ration	romanticisation	0.7692307829856873	0.2377943502929065
ration	romanticization	0.7692307829856873	0.2377943502929065
ration	recirculation	0.7692307829856873	0.20541490126145234
rearward	reward	0.7692307829856873	0.2377943502929065
recirculation	reticulation	0.75	0.1905514124267734
reefer	refereeing	0.7692307829856873	0.22112818235779563
reforestation	station	0.8666666746139526	0.22112818235779563
reggae	reggane	0.7692307829856873	0.2377943502929065
reharmonisation	unionisation	0.761904776096344	0.2377943502929065
reharmonization	unionization	0.761904776096344	0.2377943502929065
reiter	reiteration	0.8461538553237915	0.2377943502929065
relinquishing	relishing	0.9473684430122375	0.2377943502929065
relishing	republishing	0.8421052694320679	0.22112818235779563
renting	reprinting	0.800000011920929	0.2377943502929065
resentment	resettlement	0.7777777910232544	0.2377943502929065
reticule	reticulitermes	0.7647058963775635	0.2377943502929065
retrovir	retrovision	0.7647058963775635	0.1905514124267734
richmond	richmondena	0.8823529481887817	0.20541490126145234
ricketiness	rickets	0.800000011920929	0.2377943502929065
ridgeling	riding	0.7692307829856873	0.20541490126145234
ridgling	riding	0.7692307829856873	0.20541490126145234
roadster	roster	0.7692307829856873	0.20541490126145234
rochester	roster	0.7692307829856873	0.22112818235779563
rooster	roster	0.9230769276618958	0.16303771126278205
rumpelstiltskin	ruskin	0.7692307829856873	0.20541490126145234
rusting	thrusting	0.8666666746139526	0.2377943502929065
sabbatia	sabbatical	0.7647058963775635	0.20541490126145234
sagina	saginaw	0.8461538553237915	0.22112818235779563
salina	santolina	0.7692307829856873	0.20541490126145234
sampling	sapling	0.800000011920929	0.20541490126145234
sanatorium	satori	0.7692307829856873	0.22112818235779563
sanctimony	simony	0.7692307829856873	0.22112818235779563
sander	slander	0.7692307829856873	0.2377943502929065
sardinops	sardis	0.7692307829856873	0.22112818235779563
saururus	thesaurus	0.7857142686843872	0.17645049711225924
scalar	scapular	0.7692307829856873	0.2377943502929065
scaling	scantling	0.800000011920929	0.20541490126145234
schist	schistosome	0.8461538553237915	0.22112818235779563
scilla	scintillation	0.7692307829856873	0.22112818235779563
scoter	scouter	0.7692307829856873	0.22112818235779563
scupper	supper	0.7692307829856873	0.22112818235779563
scupper	scuppernong	0.8666666746139526	0.20541490126145234
searchlight	slight	0.7692307829856873	0.20541490126145234
seconal	sectional	0.800000011920929	0.2377943502929065
sedalia	sesquipedalian	0.800000011920929	0.22112818235779563
sedalia	sesquipedalia	0.9333333373069763	0.22112818235779563
sedimentation	sedition	0.8235294222831726	0.22112818235779563
sedimentation	sentimentalisation	0.7777777910232544	0.20541490126145234
sedimentation	sentimentalization	0.7777777910232544	0.20541490126145234
seedling	seeing	0.7692307829856873	0.22112818235779563
seedling	wheedling	0.7647058963775635	0.20541490126145234
seismograph	seraph	0.7692307829856873	0.20541490126145234
semiautomatic	semitic	0.800000011920929	0.1905514124267734
semicentenary	seminary	0.8235294222831726	0.2377943502929065
sentimentalisation	vitalisation	0.7599999904632568	0.2377943502929065
sentimentalization	vitalization	0.7599999904632568	0.2377943502929065
sepsis	syllepsis	0.7692307829856873	0.2377943502929065
seraph	serigraph	0.9230769276618958	0.20541490126145234
serbia	superbia	0.7692307829856873	0.22112818235779563
sharer	sharksucker	0.7692307829856873	0.2377943502929065
sheatfish	sheath	0.7692307829856873	0.22112818235779563
sheepshead	sheepshearing	0.7777777910232544	0.1380288800733184
shoplifter	sifter	0.7692307829856873	0.22112818235779563
shrift	spendthrift	0.7692307829856873	0.1905514124267734
shrilling	trilling	0.7647058963775635	0.2377943502929065
shrimper	simper	0.7692307829856873	0.20541490126145234
shrine	shrinkage	0.7692307829856873	0.2377943502929065
shrublet	sublet	0.7692307829856873	0.22112818235779563
sidelight	slight	0.7692307829856873	0.20541490126145234
siding	surfriding	0.7692307829856873	0.2377943502929065
siding	subsiding	0.9230769276618958	0.2377943502929065
sighting	weighting	0.7647058963775635	0.2377943502929065
silence	silene	0.7692307829856873	0.22112818235779563
sinkiang	sinking	0.8571428656578064	0.2377943502929065
sister	supertwister	0.7692307829856873	0.22112818235779563
sizzle	swizzle	0.7692307829856873	0.2377943502929065
skylight	slight	0.7692307829856873	0.20541490126145234
slater	slaughter	0.7692307829856873	0.17645049711225924
slicing	splicing	0.800000011920929	0.17645049711225924
slight	streetlight	0.7692307829856873	0.20541490126145234
slight	starlight	0.7692307829856873	0.17645049711225924
slight	sunlight	0.7692307829856873	0.17645049711225924
smoother	smother	0.9333333373069763	0.2377943502929065
smother	stepmother	0.800000011920929	0.22112818235779563
snoring	snorkeling	0.800000011920929	0.20541490126145234
southwester	tester	0.75	0.2377943502929065
soutine	subroutine	0.800000011920929	0.2377943502929065
sparganiaceae	sparge	0.7692307829856873	0.2377943502929065
splurge	spurge	0.7692307829856873	0.2377943502929065
sprint	surprint	0.7692307829856873	0.17645049711225924
stager	stagger	0.9230769276618958	0.22112818235779563
stagger	tagger	0.8461538553237915	0.2377943502929065
statuette	statute	0.800000011920929	0.20541490126145234
steele	sternwheeler	0.7692307829856873	0.22112818235779563
stereo	stereospondyli	0.8461538553237915	0.2377943502929065
stilbestrol	stroll	0.7692307829856873	0.17645049711225924
stilboestrol	stroll	0.7692307829856873	0.17645049711225924
stitchery	witchery	0.7647058963775635	0.22112818235779563
strangling	wangling	0.75	0.20541490126145234
strangling	wrangling	0.7777777910232544	0.20541490126145234
strickle	trickle	0.8666666746139526	0.2377943502929065
striping	stripling	0.8235294222831726	0.2377943502929065
striping	weatherstripping	0.8235294222831726	0.22112818235779563
stubbiness	stubbs	0.7692307829856873	0.2377943502929065
sturgeon	surgeon	0.800000011920929	0.22112818235779563
subcommittee	suttee	0.7692307829856873	0.20541490126145234
substation	transubstantiation	0.8571428656578064	0.2377943502929065
succubus	succus	0.9230769276618958	0.2377943502929065
sudanese	sundanese	0.8235294222831726	0.2377943502929065
sundae	sundanese	0.7692307829856873	0.17645049711225924
supercomputer	supper	0.7692307829856873	0.22112818235779563
superslasher	supper	0.7692307829856873	0.15024900644805075
supertanker	supper	0.7692307829856873	0.1905514124267734
supertanker	supertax	0.7647058963775635	0.1380288800733184
supertwister	wister	0.8461538553237915	0.2377943502929065
supertwister	supper	0.7692307829856873	0.22112818235779563
supping	supplanting	0.800000011920929	0.22112818235779563
suriname	surname	0.800000011920929	0.2377943502929065
suturing	turing	0.8461538553237915	0.22112818235779563
sweeping	weeping	0.8666666746139526	0.2377943502929065
synchronisation	synchrotron	0.7727272510528564	0.2377943502929065
synchronization	synchrotron	0.7727272510528564	0.2377943502929065
synchronoscope	syncope	0.9333333373069763	0.22112818235779563
synchrony	synchrotron	0.7894737124443054	0.2377943502929065
synchroscope	syncope	0.9333333373069763	0.22112818235779563
tambourine	taurine	0.800000011920929	0.2377943502929065
tannenberg	tanner	0.7692307829856873	0.2377943502929065
tannia	tanzania	0.7692307829856873	0.2377943502929065
tapering	taping	0.7692307829856873	0.17645049711225924
taping	tapping	0.9230769276618958	0.2377943502929065
tapping	trapping	0.800000011920929	0.2377943502929065
tarpan	tarpaulin	0.7692307829856873	0.20541490126145234
tartan	tetartanopia	0.75	0.22112818235779563
teeter	tetrameter	0.75	0.2377943502929065
telecasting	testing	0.800000011920929	0.20541490126145234
teleprinter	tinter	0.7692307829856873	0.2377943502929065
tenter	tercentenary	0.8333333134651184	0.22112818235779563
tenter	tercentennial	0.8333333134651184	0.22112818235779563
tercel	tercentennial	0.7692307829856873	0.16303771126278205
tessera	tesseract	0.8666666746139526	0.22112818235779563
tester	wester	0.75	0.2377943502929065
tester	testosterone	0.8333333134651184	0.22112818235779563
testiness	testis	0.7692307829856873	0.22112818235779563
tetrad	tetranychid	0.7692307829856873	0.17645049711225924
tetrode	tetroxide	0.800000011920929	0.2377943502929065
thalassaemia	thalia	0.7692307829856873	0.16303771126278205
thalassemia	thalia	0.7692307829856873	0.16303771126278205
thalia	thessalia	0.7692307829856873	0.22112818235779563
themis	themistocles	0.9230769276618958	0.20541490126145234
thermopsis	thermos	0.800000011920929	0.17645049711225924
thriller	tiller	0.7692307829856873	0.2377943502929065
tierce	tiercel	0.8461538553237915	0.17645049711225924
tilling	trilling	0.800000011920929	0.17645049711225924
titter	twitterer	0.7692307829856873	0.22112818235779563
tramontane	ultramontane	0.9047619104385376	0.22112818235779563
triode	trioxide	0.7692307829856873	0.2377943502929065
troche	trochilidae	0.7692307829856873	0.20541490126145234
turbofan	turfan	0.7692307829856873	0.17645049711225924
tympan	tympanites	0.8461538553237915	0.22112818235779563
tympan	tympanuchus	0.8461538553237915	0.22112818235779563
tympani	tympanites	0.8666666746139526	0.22112818235779563
typhoeus	typhus	0.7692307829856873	0.15024900644805075
typhon	typhoon	0.9230769276618958	0.16303771126278205
ultracef	ultracentrifuge	0.7647058963775635	0.22112818235779563
umbellularia	umbria	0.7692307829856873	0.20541490126145234
underlayment	underpayment	0.800000011920929	0.2377943502929065
verona	veronica	0.7692307829856873	0.22112818235779563
versicle	vesicle	0.800000011920929	0.2377943502929065
viatication	vinification	0.800000011920929	0.2377943502929065
viniculture	vulture	0.800000011920929	0.17645049711225924
virgil	virginal	0.7692307829856873	0.2377943502929065
viticulture	vulture	0.800000011920929	0.17645049711225924
wangling	wrangling	0.8125	0.22112818235779563
weather	wether	0.7692307829856873	0.15024900644805075
weimar	weimaraner	0.9230769276618958	0.22112818235779563
wester	winchester	0.7692307829856873	0.22112818235779563
whacker	whalesucker	0.800000011920929	0.20541490126145234
wherry	whinberry	0.7692307829856873	0.20541490126145234
whipstitching	whiting	0.800000011920929	0.2377943502929065
whipstitching	witching	0.8235294222831726	0.1905514124267734
winchester	winter	0.7692307829856873	0.2377943502929065
windcheater	winter	0.7692307829856873	0.20541490126145234
winemaking	winking	0.7857142686843872	0.2377943502929065
